Workbook

Sheet RecipeDB
A1: RECIEPE DB
A2: Recipe | B2: Ingredient | C2: Quantity | D2: Unit | E2: Category | F2: Cost(₹) | G2: Cal | H2: Notes | I2: v
A3: Pasta Arrabbiata | B3: Spaghetti | C3: 200 | D3: g | E3: Pantry | F3: 12 | G3: 310 | H3: dry
A4: Pasta Arrabbiata | B4: Tinned Tomatoes | C4: 400 | D4: g | E4: Pantry | F4: 18 | G4: 82 | H4: crushed
A5: Pasta Arrabbiata | B5: Garlic | C5: 4 | D5: cloves | E5: Vegetables | F5: 4 | G5: 18 | H5: minced
A6: Pasta Arrabbiata | B6: Red Chilli | C6: 2 | D6: pcs | E6: Vegetables | F6: 6 | G6: 12 | H6: sliced
A7: Pasta Arrabbiata | B7: Olive Oil | C7: 2 | D7: tbsp | E7: Pantry | F7: 8 | G7: 240 | H7: extra virgin
A8: Pasta Arrabbiata | B8: Salt | C8: 1 | D8: tsp | E8: Pantry | F8: 1 | G8: 0 | H8: to taste
A9: Pasta Arrabbiata | B9: Fresh Basil | C9: 10 | D9: g | E9: Vegetables | F9: 5 | G9: 3 | H9: torn
A10: Chicken Stir Fry | B10: Chicken Breast | C10: 300 | D10: g | E10: Protein | F10: 65 | G10: 330 | H10: sliced thin
A11: Chicken Stir Fry | B11: Bell Pepper | C11: 2 | D11: pcs | E11: Vegetables | F11: 24 | G11: 50 | H11: mixed colours
A12: Chicken Stir Fry | B12: Broccoli | C12: 200 | D12: g | E12: Vegetables | F12: 22 | G12: 55 | H12: florets
A13: Chicken Stir Fry | B13: Garlic | C13: 3 | D13: cloves | E13: Vegetables | F13: 3 | G13: 14 | H13: minced
A14: Chicken Stir Fry | B14: Soy Sauce | C14: 3 | D14: tbsp | E14: Pantry | F14: 6 | G14: 18 | H14: low sodium
... A43: Overnight Oats | B43: Mixed Berries | C43: 60 | D43: g | E43: Fruit | F43: 14 | G43: 35 | H43: frozen ok

Sheet MealPlan
B1: Monday | C1: Tuesday | D1: Wednesday | E1: Thursday | F1: Friday | G1: Saturday | H1: Sunday
A2: Breakfast Meal | B2: Veggie Omelette | C2: Dal Tadka | D2: Pasta Arrabbiata | E2: Banana Smoothie | F2: Veggie Omelette | G2: Overnight Oats | H2: Pasta Arrabbiata
A3: Breakfast Cost | B3: =SUMIF(RecipeDB!$A$3:$A$43,B2,RecipeDB!$F$3:$F$43) -> 54 | C3: =SUMIF(RecipeDB!$A$3:$A$43,C2,RecipeDB!$F$3:$F$43) -> 59 | D3: =SUMIF(RecipeDB!$A$3:$A$43,D2,RecipeDB!$F$3:$F$43) -> 54 | E3: =SUMIF(RecipeDB!$A$3:$A$43,E2,RecipeDB!$F$3:$F$43) -> 61 | F3: =SUMIF(RecipeDB!$A$3:$A$43,F2,RecipeDB!$F$3:$F$43) -> 54 | G3: =SUMIF(RecipeDB!$A$3:$A$43,G2,RecipeDB!$F$3:$F$43) -> 59 | H3: =SUMIF(RecipeDB!$A$3:$A$43,H2,RecipeDB!$F$3:$F$43) -> 54
A4: Lunch Meal | B4: Dal Tadka | C4: Overnight Oats | D4: Chicken Stir Fry | E4: Dal Tadka | F4: Chicken Stir Fry | G4: Veggie Omelette | H4: Overnight Oats
A5: Lunch Cost | B5: =SUMIF(RecipeDB!$A$3:$A$43,B4,RecipeDB!$F$3:$F$43) -> 59 | C5: =SUMIF(RecipeDB!$A$3:$A$43,C4,RecipeDB!$F$3:$F$43) -> 59 | D5: =SUMIF(RecipeDB!$A$3:$A$43,D4,RecipeDB!$F$3:$F$43) -> 144 | E5: =SUMIF(RecipeDB!$A$3:$A$43,E4,RecipeDB!$F$3:$F$43) -> 59 | F5: =SUMIF(RecipeDB!$A$3:$A$43,F4,RecipeDB!$F$3:$F$43) -> 144 | G5: =SUMIF(RecipeDB!$A$3:$A$43,G4,RecipeDB!$F$3:$F$43) -> 54 | H5: =SUMIF(RecipeDB!$A$3:$A$43,H4,RecipeDB!$F$3:$F$43) -> 59
A6: Dinner | B6: Banana Smoothie | C6: Veggie Omelette | D6: Banana Smoothie | E6: Overnight Oats | F6: Pasta Arrabbiata | G6: Banana Smoothie | H6: Chicken Stir Fry
A7: Dinner Cost | B7: =SUMIF(RecipeDB!$A$3:$A$43,B6,RecipeDB!$F$3:$F$43) -> 61 | C7: =SUMIF(RecipeDB!$A$3:$A$43,C6,RecipeDB!$F$3:$F$43) -> 54 | D7: =SUMIF(RecipeDB!$A$3:$A$43,D6,RecipeDB!$F$3:$F$43) -> 61 | E7: =SUMIF(RecipeDB!$A$3:$A$43,E6,RecipeDB!$F$3:$F$43) -> 59 | F7: =SUMIF(RecipeDB!$A$3:$A$43,F6,RecipeDB!$F$3:$F$43) -> 54 | G7: =SUMIF(RecipeDB!$A$3:$A$43,G6,RecipeDB!$F$3:$F$43) -> 61 | H7: =SUMIF(RecipeDB!$A$3:$A$43,H6,RecipeDB!$F$3:$F$43) -> 144

Sheet GroceryList
A1: Bought | B1: Ingredient | C1: Total Qty Needed | D1: Unit | E1: Category | F1: Est.cost | G1: Notes | I1: Remaining Items
B2: Garlic | C2: =SUMIF(RecipeDB!$B$3:$B$43,B2,RecipeDB!$C$3:$C$43) -> 11 | D2: =INDEX(RecipeDB!$D$3:$D$43,MATCH(B2,RecipeDB!$B$3:$B$43,0)) -> cloves | E2: =INDEX(RecipeDB!$E$3:$E$43,MATCH(B2,RecipeDB!$B$3:$B$43,0)) -> Vegetables | F2: =(C2 / _xlfn.XLOOKUP(B2,RecipeDB!B:B,RecipeDB!C:C)) * _xlfn.XLOOKUP(B2,RecipeDB!B:B,RecipeDB!F:F) * _xlfn.XLOOKUP(B2,RecipeDB!B:B,RecipeDB!F:F) -> 44 | G2: TRUE | I2: {=_xlfn._xlws.FILTER(B2:B35,G2:G35=FALSE,"")} -> Red Chilli
B3: Red Chilli | C3: =SUMIF(RecipeDB!$B$3:$B$43,B3,RecipeDB!$C$3:$C$43) -> 2 | D3: =INDEX(RecipeDB!$D$3:$D$43,MATCH(B3,RecipeDB!$B$3:$B$43,0)) -> pcs | E3: =INDEX(RecipeDB!$E$3:$E$43,MATCH(B3,RecipeDB!$B$3:$B$43,0)) -> Vegetables | F3: =(C3 / _xlfn.XLOOKUP(B3,RecipeDB!B:B,RecipeDB!C:C)) * _xlfn.XLOOKUP(B3,RecipeDB!B:B,RecipeDB!F:F) * _xlfn.XLOOKUP(B3,RecipeDB!B:B,RecipeDB!F:F) -> 36 | G3: FALSE | I3: Broccoli
B4: Fresh Basil | C4: =SUMIF(RecipeDB!$B$3:$B$43,B4,RecipeDB!$C$3:$C$43) -> 10 | D4: =INDEX(RecipeDB!$D$3:$D$43,MATCH(B4,RecipeDB!$B$3:$B$43,0)) -> g | E4: =INDEX(RecipeDB!$E$3:$E$43,MATCH(B4,RecipeDB!$B$3:$B$43,0)) -> Vegetables | F4: =(C4 / _xlfn.XLOOKUP(B4,RecipeDB!B:B,RecipeDB!C:C)) * _xlfn.XLOOKUP(B4,RecipeDB!B:B,RecipeDB!F:F) * _xlfn.XLOOKUP(B4,RecipeDB!B:B,RecipeDB!F:F) -> 25 | G4: TRUE | I4: Tomato
B5: Bell Pepper | C5: =SUMIF(RecipeDB!$B$3:$B$43,B5,RecipeDB!$C$3:$C$43) -> 2 | D5: =INDEX(RecipeDB!$D$3:$D$43,MATCH(B5,RecipeDB!$B$3:$B$43,0)) -> pcs | E5: =INDEX(RecipeDB!$E$3:$E$43,MATCH(B5,RecipeDB!$B$3:$B$43,0)) -> Vegetables | F5: =(C5 / _xlfn.XLOOKUP(B5,RecipeDB!B:B,RecipeDB!C:C)) * _xlfn.XLOOKUP(B5,RecipeDB!B:B,RecipeDB!F:F) * _xlfn.XLOOKUP(B5,RecipeDB!B:B,RecipeDB!F:F) -> 576 | G5: TRUE | I5: Banana
B6: Broccoli | C6: =SUMIF(RecipeDB!$B$3:$B$43,B6,RecipeDB!$C$3:$C$43) -> 200 | D6: =INDEX(RecipeDB!$D$3:$D$43,MATCH(B6,RecipeDB!$B$3:$B$43,0)) -> g | E6: =INDEX(RecipeDB!$E$3:$E$43,MATCH(B6,RecipeDB!$B$3:$B$43,0)) -> Vegetables | F6: =(C6 / _xlfn.XLOOKUP(B6,RecipeDB!B:B,RecipeDB!C:C)) * _xlfn.XLOOKUP(B6,RecipeDB!B:B,RecipeDB!F:F) * _xlfn.XLOOKUP(B6,RecipeDB!B:B,RecipeDB!F:F) -> 484 | G6: FALSE | I6: Chicken Breast
B7: Ginger | C7: =SUMIF(RecipeDB!$B$3:$B$43,B7,RecipeDB!$C$3:$C$43) -> 1 | D7: =INDEX(RecipeDB!$D$3:$D$43,MATCH(B7,RecipeDB!$B$3:$B$43,0)) -> tsp | E7: =INDEX(RecipeDB!$E$3:$E$43,MATCH(B7,RecipeDB!$B$3:$B$43,0)) -> Vegetables | F7: =(C7 / _xlfn.XLOOKUP(B7,RecipeDB!B:B,RecipeDB!C:C)) * _xlfn.XLOOKUP(B7,RecipeDB!B:B,RecipeDB!F:F) * _xlfn.XLOOKUP(B7,RecipeDB!B:B,RecipeDB!F:F) -> 16 | G7: TRUE | I7: Ghee
B8: Onion | C8: =SUMIF(RecipeDB!$B$3:$B$43,B8,RecipeDB!$C$3:$C$43) -> 1.5 | D8: =INDEX(RecipeDB!$D$3:$D$43,MATCH(B8,RecipeDB!$B$3:$B$43,0)) -> pcs | E8: =INDEX(RecipeDB!$E$3:$E$43,MATCH(B8,RecipeDB!$B$3:$B$43,0)) -> Vegetables | F8: =(C8 / _xlfn.XLOOKUP(B8,RecipeDB!B:B,RecipeDB!C:C)) * _xlfn.XLOOKUP(B8,RecipeDB!B:B,RecipeDB!F:F) * _xlfn.XLOOKUP(B8,RecipeDB!B:B,RecipeDB!F:F) -> 48 | G8: TRUE | I8: Tinned Tomatoes
B9: Tomato | C9: =SUMIF(RecipeDB!$B$3:$B$43,B9,RecipeDB!$C$3:$C$43) -> 3 | D9: =INDEX(RecipeDB!$D$3:$D$43,MATCH(B9,RecipeDB!$B$3:$B$43,0)) -> pcs | E9: =INDEX(RecipeDB!$E$3:$E$43,MATCH(B9,RecipeDB!$B$3:$B$43,0)) -> Vegetables | F9: =(C9 / _xlfn.XLOOKUP(B9,RecipeDB!B:B,RecipeDB!C:C)) * _xlfn.XLOOKUP(B9,RecipeDB!B:B,RecipeDB!F:F) * _xlfn.XLOOKUP(B9,RecipeDB!B:B,RecipeDB!F:F) -> 108 | G9: FALSE | I9: Salt
B10: Spinach | C10: =SUMIF(RecipeDB!$B$3:$B$43,B10,RecipeDB!$C$3:$C$43) -> 40 | D10: =INDEX(RecipeDB!$D$3:$D$43,MATCH(B10,RecipeDB!$B$3:$B$43,0)) -> g | E10: =INDEX(RecipeDB!$E$3:$E$43,MATCH(B10,RecipeDB!$B$3:$B$43,0)) -> Vegetables | F10: =(C10 / _xlfn.XLOOKUP(B10,RecipeDB!B:B,RecipeDB!C:C)) * _xlfn.XLOOKUP(B10,RecipeDB!B:B,RecipeDB!F:F) * _xlfn.XLOOKUP(B10,RecipeDB!B:B,RecipeDB!F:F) -> 64 | G10: TRUE | I10: Rice
B11: Fresh Coriander | C11: =SUMIF(RecipeDB!$B$3:$B$43,B11,RecipeDB!$C$3:$C$43) -> 10 | D11: =INDEX(RecipeDB!$D$3:$D$43,MATCH(B11,RecipeDB!$B$3:$B$43,0)) -> g | E11: =INDEX(RecipeDB!$E$3:$E$43,MATCH(B11,RecipeDB!$B$3:$B$43,0)) -> Vegetables | F11: =(C11 / _xlfn.XLOOKUP(B11,RecipeDB!B:B,RecipeDB!C:C)) * _xlfn.XLOOKUP(B11,RecipeDB!B:B,RecipeDB!F:F) * _xlfn.XLOOKUP(B11,RecipeDB!B:B,RecipeDB!F:F) -> 25 | G11: TRUE | I11: Chia Seeds
B12: Banana | C12: =SUMIF(RecipeDB!$B$3:$B$43,B12,RecipeDB!$C$3:$C$43) -> 3 | D12: =INDEX(RecipeDB!$D$3:$D$43,MATCH(B12,RecipeDB!$B$3:$B$43,0)) -> pcs | E12: =INDEX(RecipeDB!$E$3:$E$43,MATCH(B12,RecipeDB!$B$3:$B$43,0)) -> Fruit | F12: =(C12 / _xlfn.XLOOKUP(B12,RecipeDB!B:B,RecipeDB!C:C)) * _xlfn.XLOOKUP(B12,RecipeDB!B:B,RecipeDB!F:F) * _xlfn.XLOOKUP(B12,RecipeDB!B:B,RecipeDB!F:F) -> 216 | G12: FALSE | I12: Peanut Butter
B13: Mixed Berries | C13: =SUMIF(RecipeDB!$B$3:$B$43,B13,RecipeDB!$C$3:$C$43) -> 60 | D13: =INDEX(RecipeDB!$D$3:$D$43,MATCH(B13,RecipeDB!$B$3:$B$43,0)) -> g | E13: =INDEX(RecipeDB!$E$3:$E$43,MATCH(B13,RecipeDB!$B$3:$B$43,0)) -> Fruit | F13: =(C13 / _xlfn.XLOOKUP(B13,RecipeDB!B:B,RecipeDB!C:C)) * _xlfn.XLOOKUP(B13,RecipeDB!B:B,RecipeDB!F:F) * _xlfn.XLOOKUP(B13,RecipeDB!B:B,RecipeDB!F:F) -> 196 | G13: TRUE | I13: Turmeric
B14: Chicken Breast | C14: =SUMIF(RecipeDB!$B$3:$B$43,B14,RecipeDB!$C$3:$C$43) -> 300 | D14: =INDEX(RecipeDB!$D$3:$D$43,MATCH(B14,RecipeDB!$B$3:$B$43,0)) -> g | E14: =INDEX(RecipeDB!$E$3:$E$43,MATCH(B14,RecipeDB!$B$3:$B$43,0)) -> Protein | F14: =(C14 / _xlfn.XLOOKUP(B14,RecipeDB!B:B,RecipeDB!C:C)) * _xlfn.XLOOKUP(B14,RecipeDB!B:B,RecipeDB!F:F) * _xlfn.XLOOKUP(B14,RecipeDB!B:B,RecipeDB!F:F) -> 4225 | G14: FALSE
B15: Eggs | C15: =SUMIF(RecipeDB!$B$3:$B$43,B15,RecipeDB!$C$3:$C$43) -> 3 | D15: =INDEX(RecipeDB!$D$3:$D$43,MATCH(B15,RecipeDB!$B$3:$B$43,0)) -> pcs | E15: =INDEX(RecipeDB!$E$3:$E$43,MATCH(B15,RecipeDB!$B$3:$B$43,0)) -> Dairy & Eggs | F15: =(C15 / _xlfn.XLOOKUP(B15,RecipeDB!B:B,RecipeDB!C:C)) * _xlfn.XLOOKUP(B15,RecipeDB!B:B,RecipeDB!F:F) * _xlfn.XLOOKUP(B15,RecipeDB!B:B,RecipeDB!F:F) -> 225 | G15: TRUE
B16: Cheddar Cheese | C16: =SUMIF(RecipeDB!$B$3:$B$43,B16,RecipeDB!$C$3:$C$43) -> 30 | D16: =INDEX(RecipeDB!$D$3:$D$43,MATCH(B16,RecipeDB!$B$3:$B$43,0)) -> g | E16: =INDEX(RecipeDB!$E$3:$E$43,MATCH(B16,RecipeDB!$B$3:$B$43,0)) -> Dairy & Eggs | F16: =(C16 / _xlfn.XLOOKUP(B16,RecipeDB!B:B,RecipeDB!C:C)) * _xlfn.XLOOKUP(B16,RecipeDB!B:B,RecipeDB!F:F) * _xlfn.XLOOKUP(B16,RecipeDB!B:B,RecipeDB!F:F) -> 196 | G16: TRUE
B17: Butter | C17: =SUMIF(RecipeDB!$B$3:$B$43,B17,RecipeDB!$C$3:$C$43) -> 10 | D17: =INDEX(RecipeDB!$D$3:$D$43,MATCH(B17,RecipeDB!$B$3:$B$43,0)) -> g | E17: =INDEX(RecipeDB!$E$3:$E$43,MATCH(B17,RecipeDB!$B$3:$B$43,0)) -> Dairy & Eggs | F17: =(C17 / _xlfn.XLOOKUP(B17,RecipeDB!B:B,RecipeDB!C:C)) * _xlfn.XLOOKUP(B17,RecipeDB!B:B,RecipeDB!F:F) * _xlfn.XLOOKUP(B17,RecipeDB!B:B,RecipeDB!F:F) -> 36 | G17: TRUE
B18: Ghee | C18: =SUMIF(RecipeDB!$B$3:$B$43,B18,RecipeDB!$C$3:$C$43) -> 2 | D18: =INDEX(RecipeDB!$D$3:$D$43,MATCH(B18,RecipeDB!$B$3:$B$43,0)) -> tbsp | E18: =INDEX(RecipeDB!$E$3:$E$43,MATCH(B18,RecipeDB!$B$3:$B$43,0)) -> Dairy & Eggs | F18: =(C18 / _xlfn.XLOOKUP(B18,RecipeDB!B:B,RecipeDB!C:C)) * _xlfn.XLOOKUP(B18,RecipeDB!B:B,RecipeDB!F:F) * _xlfn.XLOOKUP(B18,RecipeDB!B:B,RecipeDB!F:F) -> 144 | G18: FALSE
B19: Milk | C19: =SUMIF(RecipeDB!$B$3:$B$43,B19,RecipeDB!$C$3:$C$43) -> 430 | D19: =INDEX(RecipeDB!$D$3:$D$43,MATCH(B19,RecipeDB!$B$3:$B$43,0)) -> ml | E19: =INDEX(RecipeDB!$E$3:$E$43,MATCH(B19,RecipeDB!$B$3:$B$43,0)) -> Dairy & Eggs | F19: =(C19 / _xlfn.XLOOKUP(B19,RecipeDB!B:B,RecipeDB!C:C)) * _xlfn.XLOOKUP(B19,RecipeDB!B:B,RecipeDB!F:F) * _xlfn.XLOOKUP(B19,RecipeDB!B:B,RecipeDB!F:F) -> 387 | G19: TRUE
B20: Greek Yogurt | C20: =SUMIF(RecipeDB!$B$3:$B$43,B20,RecipeDB!$C$3:$C$43) -> 100 | D20: =INDEX(RecipeDB!$D$3:$D$43,MATCH(B20,RecipeDB!$B$3:$B$43,0)) -> g | E20: =INDEX(RecipeDB!$E$3:$E$43,MATCH(B20,RecipeDB!$B$3:$B$43,0)) -> Dairy & Eggs | F20: =(C20 / _xlfn.XLOOKUP(B20,RecipeDB!B:B,RecipeDB!C:C)) * _xlfn.XLOOKUP(B20,RecipeDB!B:B,RecipeDB!F:F) * _xlfn.XLOOKUP(B20,RecipeDB!B:B,RecipeDB!F:F) -> 484 | G20: TRUE
B21: Spaghetti | C21: =SUMIF(RecipeDB!$B$3:$B$43,B21,RecipeDB!$C$3:$C$43) -> 200 | D21: =INDEX(RecipeDB!$D$3:$D$43,MATCH(B21,RecipeDB!$B$3:$B$43,0)) -> g | E21: =INDEX(RecipeDB!$E$3:$E$43,MATCH(B21,RecipeDB!$B$3:$B$43,0)) -> Pantry | F21: =(C21 / _xlfn.XLOOKUP(B21,RecipeDB!B:B,RecipeDB!C:C)) * _xlfn.XLOOKUP(B21,RecipeDB!B:B,RecipeDB!F:F) * _xlfn.XLOOKUP(B21,RecipeDB!B:B,RecipeDB!F:F) -> 144 | G21: TRUE
B22: Tinned Tomatoes | C22: =SUMIF(RecipeDB!$B$3:$B$43,B22,RecipeDB!$C$3:$C$43) -> 400 | D22: =INDEX(RecipeDB!$D$3:$D$43,MATCH(B22,RecipeDB!$B$3:$B$43,0)) -> g | E22: =INDEX(RecipeDB!$E$3:$E$43,MATCH(B22,RecipeDB!$B$3:$B$43,0)) -> Pantry | F22: =(C22 / _xlfn.XLOOKUP(B22,RecipeDB!B:B,RecipeDB!C:C)) * _xlfn.XLOOKUP(B22,RecipeDB!B:B,RecipeDB!F:F) * _xlfn.XLOOKUP(B22,RecipeDB!B:B,RecipeDB!F:F) -> 324 | G22: FALSE
B23: Olive Oil | C23: =SUMIF(RecipeDB!$B$3:$B$43,B23,RecipeDB!$C$3:$C$43) -> 2 | D23: =INDEX(RecipeDB!$D$3:$D$43,MATCH(B23,RecipeDB!$B$3:$B$43,0)) -> tbsp | E23: =INDEX(RecipeDB!$E$3:$E$43,MATCH(B23,RecipeDB!$B$3:$B$43,0)) -> Pantry | F23: =(C23 / _xlfn.XLOOKUP(B23,RecipeDB!B:B,RecipeDB!C:C)) * _xlfn.XLOOKUP(B23,RecipeDB!B:B,RecipeDB!F:F) * _xlfn.XLOOKUP(B23,RecipeDB!B:B,RecipeDB!F:F) -> 64 | G23: TRUE
B24: Salt | C24: =SUMIF(RecipeDB!$B$3:$B$43,B24,RecipeDB!$C$3:$C$43) -> 1.5 | D24: =INDEX(RecipeDB!$D$3:$D$43,MATCH(B24,RecipeDB!$B$3:$B$43,0)) -> tsp | E24: =INDEX(RecipeDB!$E$3:$E$43,MATCH(B24,RecipeDB!$B$3:$B$43,0)) -> Pantry | F24: =(C24 / _xlfn.XLOOKUP(B24,RecipeDB!B:B,RecipeDB!C:C)) * _xlfn.XLOOKUP(B24,RecipeDB!B:B,RecipeDB!F:F) * _xlfn.XLOOKUP(B24,RecipeDB!B:B,RecipeDB!F:F) -> 1.5 | G24: FALSE
B25: Soy Sauce | C25: =SUMIF(RecipeDB!$B$3:$B$43,B25,RecipeDB!$C$3:$C$43) -> 3 | D25: =INDEX(RecipeDB!$D$3:$D$43,MATCH(B25,RecipeDB!$B$3:$B$43,0)) -> tbsp | E25: =INDEX(RecipeDB!$E$3:$E$43,MATCH(B25,RecipeDB!$B$3:$B$43,0)) -> Pantry | F25: =(C25 / _xlfn.XLOOKUP(B25,RecipeDB!B:B,RecipeDB!C:C)) * _xlfn.XLOOKUP(B25,RecipeDB!B:B,RecipeDB!F:F) * _xlfn.XLOOKUP(B25,RecipeDB!B:B,RecipeDB!F:F) -> 36 | G25: TRUE
... B35: Turmeric | C35: =SUMIF(RecipeDB!$B$3:$B$43,B35,RecipeDB!$C$3:$C$43) -> 0.5 | D35: =INDEX(RecipeDB!$D$3:$D$43,MATCH(B35,RecipeDB!$B$3:$B$43,0)) -> tsp | E35: =INDEX(RecipeDB!$E$3:$E$43,MATCH(B35,RecipeDB!$B$3:$B$43,0)) -> Spices | F35: =(C35 / _xlfn.XLOOKUP(B35,RecipeDB!B:B,RecipeDB!C:C)) * _xlfn.XLOOKUP(B35,RecipeDB!B:B,RecipeDB!F:F) * _xlfn.XLOOKUP(B35,RecipeDB!B:B,RecipeDB!F:F) -> 4 | G35: FALSE
A36: =COUNTIF(G2:G35,TRUE)/COUNTA(B2:B35) -> 0.64705882 | F36: =SUM(F2:F35) -> 8966.5

Sheet Dashboard
C1: 🥗 Weekly Meal Planner — Dashboard
A3: Total Weekly Cost 🛒 | C3: Total Weekly Calories🔢 | E3: Items Still to Buy🔥 | G3: Avg Daily Food Cost📅
A4: =SUM(GroceryList!F2:F35) -> 8966.5 | C4: {=SUMPRODUCT(SUMIF(RecipeDB!$A$3:$A$43,MealPlan!$B$2:$H$2,RecipeDB!$G$3:$G$43))+SUMPRODUCT(SUMIF(RecipeDB!$A$3:$A$43,MealPlan!$B$4:$H$4,RecipeDB!$G$3:$G$43))+SUMPRODUCT(SUMIF(RecipeDB!$A$3:$A$43,MealPlan!$B$7:$H$7,RecipeDB!$G$3:$G$43))} -> 8953 | E4: =COUNTIF(GroceryList!G2:G35,FALSE) -> 12 | G4: =SUM(GroceryList!F2:F35)/7 -> 1280.9286
A7: Category | B7: Total Spend
A8: Vegetables | B8: =SUMIF(GroceryList!E2:E35,Dashboard!A8,GroceryList!F2:F35) -> 1426
A9: Fruit | B9: =SUMIF(GroceryList!E3:E36,Dashboard!A9,GroceryList!F3:F36) -> 412
A10: Protein | B10: =SUMIF(GroceryList!E4:E37,Dashboard!A10,GroceryList!F4:F37) -> 4225
A11: Dairy & Eggs | B11: =SUMIF(GroceryList!E5:E38,Dashboard!A11,GroceryList!F5:F38) -> 1472
A12: Pantry | B12: =SUMIF(GroceryList!E6:E39,Dashboard!A12,GroceryList!F6:F39) -> 1418.5
A13: Spices | B13: =SUMIF(GroceryList!E7:E40,Dashboard!A13,GroceryList!F7:F40) -> 13
A25: MealPlan!A1 | B25: Monday | C25: Tuesday | D25: Wednesday | E25: Thursday | F25: Friday | G25: Saturday | H25: Sunday
A26: Breakfast Meal | B26: =MealPlan!B2 -> Veggie Omelette | C26: =MealPlan!C2 -> Dal Tadka | D26: =MealPlan!D2 -> Pasta Arrabbiata | E26: =MealPlan!E2 -> Banana Smoothie | F26: =MealPlan!F2 -> Veggie Omelette | G26: =MealPlan!G2 -> Overnight Oats | H26: =MealPlan!H2 -> Pasta Arrabbiata
A27: Breakfast Cost | B27: =SUMIF(RecipeDB!$A$3:$A$43,B26,RecipeDB!$F$3:$F$43) -> 54 | C27: =SUMIF(RecipeDB!$A$3:$A$43,C26,RecipeDB!$F$3:$F$43) -> 59 | D27: =SUMIF(RecipeDB!$A$3:$A$43,D26,RecipeDB!$F$3:$F$43) -> 54 | E27: =SUMIF(RecipeDB!$A$3:$A$43,E26,RecipeDB!$F$3:$F$43) -> 61 | F27: =SUMIF(RecipeDB!$A$3:$A$43,F26,RecipeDB!$F$3:$F$43) -> 54 | G27: =SUMIF(RecipeDB!$A$3:$A$43,G26,RecipeDB!$F$3:$F$43) -> 59 | H27: =SUMIF(RecipeDB!$A$3:$A$43,H26,RecipeDB!$F$3:$F$43) -> 54
A28: Lunch Meal | B28: =MealPlan!B4 -> Dal Tadka | C28: =MealPlan!C4 -> Overnight Oats | D28: =MealPlan!D4 -> Chicken Stir Fry | E28: =MealPlan!E4 -> Dal Tadka | F28: =MealPlan!F4 -> Chicken Stir Fry | G28: =MealPlan!G4 -> Veggie Omelette | H28: =MealPlan!H4 -> Overnight Oats
A29: Lunch Cost | B29: =SUMIF(RecipeDB!$A$3:$A$43,B28,RecipeDB!$F$3:$F$43) -> 59 | C29: =SUMIF(RecipeDB!$A$3:$A$43,C28,RecipeDB!$F$3:$F$43) -> 59 | D29: =SUMIF(RecipeDB!$A$3:$A$43,D28,RecipeDB!$F$3:$F$43) -> 144 | E29: =SUMIF(RecipeDB!$A$3:$A$43,E28,RecipeDB!$F$3:$F$43) -> 59 | F29: =SUMIF(RecipeDB!$A$3:$A$43,F28,RecipeDB!$F$3:$F$43) -> 144 | G29: =SUMIF(RecipeDB!$A$3:$A$43,G28,RecipeDB!$F$3:$F$43) -> 54 | H29: =SUMIF(RecipeDB!$A$3:$A$43,H28,RecipeDB!$F$3:$F$43) -> 59
A30: Dinner | B30: =MealPlan!B6 -> Banana Smoothie | C30: =MealPlan!C6 -> Veggie Omelette | D30: =MealPlan!D6 -> Banana Smoothie | E30: =MealPlan!E6 -> Overnight Oats | F30: =MealPlan!F6 -> Pasta Arrabbiata | G30: =MealPlan!G6 -> Banana Smoothie | H30: =MealPlan!H6 -> Chicken Stir Fry
A31: Dinner Cost | B31: =SUMIF(RecipeDB!$A$3:$A$43,B30,RecipeDB!$F$3:$F$43) -> 61 | C31: =SUMIF(RecipeDB!$A$3:$A$43,C30,RecipeDB!$F$3:$F$43) -> 54 | D31: =SUMIF(RecipeDB!$A$3:$A$43,D30,RecipeDB!$F$3:$F$43) -> 61 | E31: =SUMIF(RecipeDB!$A$3:$A$43,E30,RecipeDB!$F$3:$F$43) -> 59 | F31: =SUMIF(RecipeDB!$A$3:$A$43,F30,RecipeDB!$F$3:$F$43) -> 54 | G31: =SUMIF(RecipeDB!$A$3:$A$43,G30,RecipeDB!$F$3:$F$43) -> 61 | H31: =SUMIF(RecipeDB!$A$3:$A$43,H30,RecipeDB!$F$3:$F$43) -> 144
B34: Grocerry List Completion Progress
C37: =COUNTIF(GroceryList!$G$2:$G$35,TRUE)/COUNTA(GroceryList!$B$2:$B$35) -> 0.64705882
